node1,node2,weight
0,1,11.045361
0,2,8.485281
0,3,21.023796
0,4,31.016125
0,5,42.0
0,6,17.088007
0,7,26.683329
0,8,36.496574
1,2,7.071068
1,3,10.0
1,4,20.0
1,5,31.016125
1,6,7.071068
1,7,15.811388
1,8,25.495098
2,3,15.811388
2,4,25.495098
2,5,36.496574
2,6,10.0
2,7,20.0
2,8,30.0
3,4,10.0
3,5,21.023796
3,6,7.071068
3,7,7.071068
3,8,15.811388
4,5,11.045361
4,6,15.811388
4,7,7.071068
4,8,7.071068
5,6,26.683329
5,7,17.088007
5,8,8.485281
6,7,10.0
6,8,20.0
7,8,10.0
